,log10phi,f_r,log10x_50,A0,PE,fpvls_avg,fpvls_std,IC50s_avg,IC50s_std,dose
0,-0.5190669588604134,0.030984048883397397,1.5867545331851651,1.0,0.9886363636363636,6.096653634749596,0.0,1.6989700043360187,0.0,10.0
1,-0.0890490648554035,0.07685971639512325,1.2876471785696226,1.0,0.9659090909090909,4.627920162536284,0.9651114954631849,1.6989700043360187,0.0,10.0
2,-0.5594801952208314,0.10987703172707092,1.1840443293466258,0.0,0.9204545454545454,5.224233522381835,1.411772436107536,1.6989700043360187,0.0,10.0
3,-0.4336301019758172,0.050761937785388685,1.6088077595672572,2.0,0.9659090909090909,4.212950386534655,1.1285641008933267,1.6989700043360187,0.0,10.0
4,-0.18263727910912878,0.005828656245742199,1.1623846831487046,0.0,0.9886363636363636,5.727722668832416,0.0,1.6989700043360187,0.0,10.0
5,-0.5169152234436851,0.09723310462803439,1.4810031990186525,1.0,0.8522727272727273,6.3018535930705335,0.5984280337545306,1.6989700043360187,0.0,10.0
6,-0.2635605639692834,0.11001873644804946,1.6439604959740834,1.0,0.8636363636363636,5.155723319518398,1.2997853639783206,1.6989700043360187,0.0,10.0
7,-0.13177975167702413,0.15988949571002176,1.0032226902603507,2.0,0.8977272727272727,4.951748664850522,1.9972940501310599,1.6922704898117804,0.018949088602986712,10.0
8,0.03520719582153989,0.06382887504702406,1.3146287815607158,1.0,0.9659090909090909,3.5489643356188765,1.503873753991551,1.6989700043360187,0.0,10.0
9,0.04809847925118258,0.001979183864481684,0.12519021985128415,1.0,1.0,,,,,10.0
10,-0.16663963388467468,0.013258016838853547,1.5191052123902427,2.0,0.9772727272727273,6.384991453375552,0.5054958970770911,0.7210182536083685,0.3214430902620504,10.0
11,0.18613465753307146,0.0808741771327397,1.2606016506639954,1.0,0.9431818181818182,5.043861802130971,1.368758431056692,1.6989700043360187,0.0,10.0
12,-0.8931582704441603,0.20821693031851485,1.467767313179751,1.0,0.7840909090909091,5.375448590905361,1.2412696192001635,1.6989700043360187,0.0,10.0
13,0.2875119822319909,0.18448714704880184,1.2508085064123076,3.0,0.7727272727272727,5.163910079843909,1.86783408698253,1.6488703288190798,0.21837942268251517,10.0
14,-0.28730559800869465,0.16837115998440128,1.455160632999741,3.0,0.7613636363636364,5.547295553979681,1.6143523675622513,1.6989700043360187,0.0,10.0
15,-0.297409998434175,0.18011085223092985,1.1790303745749224,4.0,0.7727272727272727,5.868196464922762,1.0603954091552343,1.6989700043360187,0.0,10.0
16,0.33571855144328505,0.0790069276478313,1.2926187409716572,2.0,0.9545454545454546,5.117536954067771,0.7540792910966616,1.6989700043360187,0.0,10.0
17,0.13336734159676852,0.11897200056141793,1.3992850802526096,0.0,0.9431818181818182,5.60645873844654,0.8892075525532401,1.6849821371371292,0.02797573439777965,10.0
18,0.4688717091390004,0.01978075985937627,-0.6137858442403595,2.0,0.9772727272727273,5.076309211769438,1.1406489450563906,1.0616599215885225,0.6373100827474962,10.0
19,0.27695936897201895,0.09116621164683233,1.72855980382647,2.0,0.8636363636363636,4.978356631077175,1.8560386795060089,1.694993448311833,0.01318874429005168,10.0
20,0.027433328287218138,0.2647682920343862,1.4611329985183459,0.0,0.6818181818181819,5.701151464859904,1.3264422223765988,1.6989700043360187,0.0,10.0
21,0.02605483505770627,0.2610287297828735,1.248257342838468,5.0,0.6818181818181819,5.432970456371206,1.551570799452003,1.6653662900915225,0.1687120745233778,10.0
22,0.6580430695557004,0.28263701850584566,1.0371010608252027,2.0,0.6477272727272727,4.526145893215119,1.5962386210598505,1.6752631363812256,0.0934091319585981,10.0
23,-0.42924405078081185,0.028410659284124118,1.602951729999093,3.0,0.9659090909090909,4.6221125005222765,1.2049640753169022,1.6989700043360187,0.0,10.0
24,0.6183997463425535,0.040227755289067475,1.4193190087701013,1.0,0.9772727272727273,5.490208733332059,0.41560476671225244,1.6989700043360187,0.0,10.0
25,0.06663093479773471,0.053644661307700785,1.7250321100061137,6.0,0.9318181818181819,5.425544528217394,1.7610801320980671,1.6989700043360187,0.0,10.0
26,0.686803310525308,0.32582666474041494,1.5928952617842416,5.0,0.6590909090909092,5.278302664484568,1.6101089191582956,1.6989700043360187,0.0,10.0
27,-0.0979111920720946,0.11968451904357157,1.475274243682704,4.0,0.9204545454545454,5.557295419958177,2.069665233703561,1.6989700043360187,0.0,10.0
28,0.10418909571774501,0.055907985019789955,1.7713109905351805,0.0,0.9431818181818182,5.5504906165287435,1.234809483393824,1.6989700043360187,0.0,10.0
29,0.41252685825947893,0.28758350891359924,1.7162587162582623,2.0,0.6931818181818181,5.510543234816082,1.4467660603352328,1.6898183905246047,0.046664257405265565,10.0
30,0.6694150331771588,0.3179901425285428,1.1691037897465921,7.0,0.5454545454545454,5.512823526911939,1.347608016021198,1.6332241893741475,0.3541820194374851,10.0
31,-0.21956500766153403,0.042088502905355006,1.6149232473201356,2.0,0.9318181818181819,5.357385534217538,1.3698161965091098,1.6989700043360187,0.0,10.0
32,0.8540088405555671,0.294640529481491,1.0548898307193704,5.0,0.6704545454545454,5.4808117609758025,1.4151331133957188,1.693567478507637,0.028587479587003084,10.0
33,-0.44345499194372223,0.11108836943007885,1.8447681919165029,5.0,0.875,4.594097992737051,1.5806677641946563,1.6989700043360187,0.0,10.0
34,0.8990161725197721,0.2845454558607895,0.5257583491854867,0.0,0.6704545454545454,5.175455404450919,1.6847567208524816,1.6468290136552692,0.26912230758526207,10.0
35,0.5722051259723476,0.18404591668107487,1.7222366867541645,7.0,0.75,5.480312821879957,1.5523484445690365,1.6737826164514156,0.09009956654513805,10.0
36,0.23222400414733177,0.17553778627595767,1.8719809960587845,5.0,0.875,4.921844952382916,1.4436401710736544,1.6428594534932908,0.17743714142969982,10.0
37,0.6256487685412879,0.1284967453007057,1.7777739869341735,5.0,0.7840909090909091,5.180959753221605,1.5046760758614155,1.680463993894103,0.07851435285712569,10.0
38,0.7931120776299166,0.19547479684370186,1.2554682489955369,3.0,0.8068181818181819,5.370381887477815,1.43064647754345,1.6318837812643547,0.2234712965470288,10.0
39,0.9951131681475788,0.09600158221341057,1.6250568607216722,6.0,0.75,4.547794895611083,1.5486962741654167,1.3158181179331134,0.6702290839518968,10.0
40,0.8000266274506715,0.2962156755305603,1.9142524072047806,2.0,0.6136363636363636,5.4655356213006705,1.5169137798995704,1.6566675599363427,0.12438336284436444,10.0
41,1.0670156737787637,0.43226867690987225,1.2899180923833007,1.0,0.5454545454545454,5.327312306610144,1.4631745468349056,1.5762439703517424,0.3833873106434548,10.0
42,1.1916970016236965,0.4352314803974196,1.8291048359675468,1.0,0.6022727272727273,5.401648516192818,1.7906234007149728,1.5865346217442458,0.45713912014811225,10.0
43,1.1068690750306351,0.12547963751748184,1.98058405706993,2.0,0.8409090909090909,4.541012396286962,1.5326445798544752,1.5555273597297188,0.3054977572635808,10.0
44,1.1777797174962736,0.07247431443189553,1.8910809678439333,7.0,0.875,5.404308947850407,0.8192387707428966,1.1697054474646635,0.7046262162682454,10.0
45,1.083539607780288,0.4002214693731722,1.7682270035174399,6.0,0.48863636363636365,5.3013774603629145,1.5641784037388382,1.6332363245710237,0.31028528152451884,10.0
46,1.3188538935797054,0.20035817599646996,1.5737757853351277,4.0,0.7613636363636364,5.441366280853758,1.5617849311296523,1.368462351882203,0.6588710065913294,10.0
47,1.1663247722282377,0.005201951814652547,2.0003350906359763,6.0,0.9886363636363636,2.5264653208261807,0.0,-0.4849991507785808,0.0,10.0
48,0.8887299148942686,0.513454091029776,2.0728483057813882,4.0,0.44318181818181823,5.382660685763688,1.3725295373407242,1.666439654072445,0.18347087427358522,10.0
49,1.2141009115987667,0.11208357966130729,2.0573750795836587,4.0,0.8409090909090909,4.861110909098529,1.7555359309048717,1.3216494468738358,0.6989655749314637,10.0
50,1.3843918412923477,0.4089307931745501,1.3515214950143684,2.0,0.5454545454545454,4.965347734024475,1.6164382815043692,1.5132294465939764,0.4067788881144954,10.0
51,1.2275565796098025,0.10994426934909192,1.860437341160425,10.0,0.7954545454545454,5.489647158439017,1.6837105155319638,1.4562179667397936,0.5274056265539917,10.0
52,1.4121031233435333,0.26228555725747565,1.6741735592863631,4.0,0.6931818181818181,5.136009570826836,1.326124705237739,1.179898576160825,0.7931884138505113,10.0
53,1.5423263446215971,0.294529273908577,2.2022707807950725,7.0,0.6136363636363636,5.082518590843459,1.760655384519543,1.3968264968144064,0.7302146349790609,10.0
54,0.9902765852583794,0.3066268450552351,1.044514316430074,1.0,0.6363636363636364,5.988244219153071,1.3694026349151034,1.5643377692804283,0.3845204947473812,10.0
55,1.270097475834192,0.3622395186447108,2.253151027361951,11.0,0.5681818181818181,4.889763317352676,1.848384284971034,1.2979447523613317,0.7317479935146849,10.0
56,1.3699454825540993,0.32588724191814195,0.6029664867719611,6.0,0.6704545454545454,5.249905613258835,1.6506347952817673,1.5335378850805648,0.4365157132506075,10.0
57,1.668362092599355,0.4999042077839263,1.25997951990009,2.0,0.46590909090909094,4.976348549049154,1.80499986287636,1.47184157931565,0.610065569637138,10.0
58,1.719926182005399,0.10968192082852042,2.4187946501989397,10.0,0.7727272727272727,4.646650301711807,1.8305746758264843,1.0090562052139194,0.8989008431586184,10.0
59,-0.05530166396044832,0.3029612382154288,2.4072581817546297,1.0,0.7613636363636364,5.19752515176207,1.6369435061610664,1.6989700043360187,0.0,10.0
60,1.529313064739701,0.22873282166289016,1.5345064114646056,10.0,0.6477272727272727,5.124582280789557,1.7097875779001435,1.2321866512019348,0.8849036090687817,10.0
61,1.7820462459634316,0.5374475460245287,2.1662702607512814,12.0,0.38636363636363635,5.414014566394745,1.7413737241782805,1.4740215539947525,0.6462776433280526,10.0
62,1.8525821995887704,0.022139920848911015,2.523896390928744,3.0,0.8181818181818181,5.025259136715199,2.021140091929164,-0.12220042923050961,1.1419800721168727,10.0
63,1.6877134727538883,0.5881250459731122,1.3886146584576669,10.0,0.26136363636363635,5.250093162190156,1.4944718251436941,1.5734307782826293,0.46928677317879147,10.0
64,1.6058751179109079,0.46849953935907745,2.3774840550941554,9.0,0.30681818181818177,5.268486589703486,1.572916475225336,1.5072533331847768,0.5574181802051013,10.0
65,1.1471147923229656,0.45487911887789956,2.3954649152033594,11.0,0.5,5.403376652654037,1.627761177130899,1.5251200076245226,0.5048310871959695,10.0
66,0.9502238019183066,0.015445741613821201,2.323008168558816,12.0,0.9659090909090909,4.980685841516106,1.828472878048095,0.6987104648107033,0.39166886951165547,10.0
67,1.5918770699763833,0.4022814693984171,2.6582343795772694,1.0,0.6022727272727273,5.250471457891649,1.7091933756952573,1.6438309788401864,0.24689639881176298,10.0
68,0.372947183441641,0.5874815513972873,1.9856365559683729,9.0,0.375,4.973341700725057,1.7803288326137026,1.6667647007548618,0.10239252280750186,10.0
69,2.0372432549062074,0.7169319804530746,2.575264020633603,11.0,0.07954545454545459,5.2608807562743936,1.6242296947239183,1.6509519311771375,0.24495176478944852,10.0
70,1.747885059173292,0.16557879276875273,2.10953910029497,9.0,0.6818181818181819,4.773032017128019,1.5154086950320393,0.9854752263512007,1.1300843083129168,10.0
71,1.9172547179881503,0.6227710774147371,1.9634227303029008,10.0,0.17045454545454541,5.135771591443124,1.591441432182182,1.4690036149990933,0.636715608120827,10.0
72,1.2306020962749444,0.43937910481735964,2.443499580149224,9.0,0.43181818181818177,5.414694739707911,1.6653875137782495,1.508605520805728,0.5271321083838604,10.0
73,2.125761474830361,0.4135860789328751,2.9657141470540944,11.0,0.3522727272727273,4.890806537212875,1.5440821263994164,1.1478181816694704,1.0391531175476119,10.0
74,2.2115407897317656,0.041811542003256076,2.798541377091969,4.0,0.7613636363636364,5.247531513487719,1.8330962131590454,-0.5953612009766269,1.1073939776388468,10.0
75,2.25422031533047,0.5666618589275476,2.414663947476052,5.0,0.21590909090909094,5.16833786596803,1.5564399587920688,1.3275867357796751,0.8840351197342373,10.0
76,2.20659166878907,0.48319223906256364,2.961264308396149,11.0,0.3295454545454546,5.068419310974817,1.823895030913748,0.8296267642608934,1.1228190923454509,10.0
77,1.747570893967329,0.2122066824784817,2.5175443418529797,8.0,0.75,5.380115627992551,1.696183836596708,1.1434077802504925,0.9304125276206473,10.0
78,2.350993487119705,0.1472961243185084,2.579639676243156,16.0,0.625,4.4785262076396135,1.62644705654526,-0.24519717163898352,1.2204311564497647,10.0
79,1.602243132495133,0.5537356235228779,2.9009251699061713,3.0,0.25,5.025157429573744,1.672554638207587,1.6116441171237912,0.36372950514643204,10.0
80,1.9990975650209373,0.2568590234895012,2.7963110666873727,7.0,0.5454545454545454,4.980480859534974,1.7670429526540137,1.121277513363669,0.9653429215328987,10.0
81,1.1179378860994342,0.44093702549515357,3.0934314068429525,6.0,0.48863636363636365,5.4570241442554535,1.6674135953150349,1.5405845933184048,0.4339384835168988,10.0
82,2.4809185560158165,0.20001328602526566,2.9445196867783663,2.0,0.5909090909090908,5.020677161093067,1.807834088284498,0.03311980751070612,1.3088292907412906,10.0
83,2.342261576988862,0.07260101996678808,2.344398361892765,2.0,0.7272727272727273,5.121704504446874,1.6976909464401013,0.049956182688723184,1.20585102036147,10.0
84,2.004352539055372,0.42894809937082384,3.4001019472168315,5.0,0.3977272727272727,5.107913102519815,1.4261204032062227,1.276283633912529,0.8871892784676878,10.0
85,2.5612094400265986,0.2142195867060598,3.2175551920708467,12.0,0.3977272727272727,4.85466027589279,1.7163539006333026,0.023571619630624947,1.4541384286887848,10.0
86,-1.3466927042244552,0.25419958824649413,3.401212079614815,13.0,0.7954545454545454,5.213897172512925,1.9903901860590083,1.6989700043360187,0.0,10.0
87,1.7963380222869192,0.7698967028730874,3.490773633902515,10.0,0.18181818181818177,5.503482461237419,1.3305723496581956,1.5554254197700736,0.4769922718171111,10.0
88,2.2645699396827292,0.560026341793405,2.0661897378425684,3.0,0.28409090909090906,5.592278032717843,1.440607772047743,1.212895293527336,0.979932682794851,10.0
89,2.4303902324913285,0.5889451409663891,3.420877611602632,8.0,0.25,5.564487991042547,1.3977585507222194,1.315932847201402,0.8692014303467364,10.0
90,2.6768840434874206,0.708470265127834,3.527527266211709,10.0,-0.022727272727272707,5.3843299091708205,1.6338777245132556,1.2794807662183845,0.9586773661254671,10.0
91,1.7233761870167714,0.09793863635842248,3.4389512401942466,18.0,0.7613636363636364,5.770190187963817,1.3309331296677098,0.6626582137629388,1.0828086943279203,10.0
92,2.7439810537881777,0.12565551658514934,3.310447151196249,9.0,0.40909090909090906,5.36940704948384,1.8056921132372272,-0.46325557662914485,1.1454351728839243,10.0
93,1.8247302053659842,0.35871036664418754,2.844816551559486,11.0,0.4545454545454546,5.310829114198203,1.5651606039878192,1.0965756637593131,1.0055922739816412,10.0
94,2.500881274816925,0.8445897830143122,2.9170872377159127,1.0,0.045454545454545414,5.241406222028226,1.6108151052904478,1.5909229798871427,0.5187407345634814,10.0
95,2.6345722200488386,0.4101197089391535,3.6942232062185365,0.0,0.36363636363636365,5.394867855741036,1.3874858179068374,0.9980957452795917,1.1720161913082625,10.0
96,2.768419310399911,0.5403108542969945,3.5512356940626555,3.0,0.2272727272727273,4.618153682222768,1.740215898635048,0.6940834766787309,1.3831267790730584,10.0
97,2.7512668505094386,0.5615646723593287,2.843831774229549,5.0,0.18181818181818177,4.905092874354523,1.4345038692371594,1.198750887592623,1.1243069673437782,10.0
98,2.761149026775872,0.5910186724284491,3.785918600745896,5.0,0.2272727272727273,4.977952693787155,1.5476235596274974,1.081680007770498,1.2197670224471278,10.0
99,2.965740723332153,0.4846171692255509,3.8620292262292044,9.0,0.13636363636363635,5.368055836845629,1.6706390583299173,0.6279631135445627,1.4320772627746168,10.0
0,-0.5190669588604134,0.030984048883397397,1.5867545331851651,1.0,0.9545454545454546,5.1238511642172195,1.0670836259327676,1.6989700043360187,0.0,30.0
1,-0.0890490648554035,0.07685971639512325,1.2876471785696226,1.0,0.9318181818181819,5.382637513604677,1.0817947445861178,1.6989700043360187,0.0,30.0
2,-0.5594801952208314,0.10987703172707092,1.1840443293466258,0.0,0.8863636363636364,5.8009002865012365,1.331363250510379,1.6989700043360187,0.0,30.0
3,-0.4336301019758172,0.050761937785388685,1.6088077595672572,2.0,0.9431818181818182,5.108581642391071,0.8376523024138125,1.6989700043360187,0.0,30.0
4,-0.18263727910912878,0.005828656245742199,1.1623846831487046,0.0,0.9886363636363636,6.199931894340056,0.0,1.6989700043360187,0.0,30.0
5,-0.5169152234436851,0.09723310462803439,1.4810031990186525,1.0,0.8636363636363636,6.053458482244751,1.5866852270859149,1.6989700043360187,0.0,30.0
6,-0.2635605639692834,0.11001873644804946,1.6439604959740834,1.0,0.8409090909090909,5.134325331923255,1.5936001755578635,1.6989700043360187,0.0,30.0
7,-0.13177975167702413,0.15988949571002176,1.0032226902603507,2.0,0.8409090909090909,5.166922477330391,1.6148732030869253,1.6936398775128774,0.019218045565562794,30.0
8,0.03520719582153989,0.06382887504702406,1.3146287815607158,1.0,0.9431818181818182,5.559606377466939,0.8473168715299385,1.6989700043360187,0.0,30.0
9,0.04809847925118258,0.001979183864481684,0.12519021985128415,1.0,1.0,,,,,30.0
10,-0.16663963388467468,0.013258016838853547,1.5191052123902427,2.0,1.0,,,,,30.0
11,0.18613465753307146,0.0808741771327397,1.2606016506639954,1.0,0.9204545454545454,4.750455936593748,1.7013642232521837,1.6989700043360187,0.0,30.0
12,-0.8931582704441603,0.20821693031851485,1.467767313179751,1.0,0.7954545454545454,5.459810660648211,1.700902277951808,1.6989700043360187,0.0,30.0
13,0.2875119822319909,0.18448714704880184,1.2508085064123076,3.0,0.7386363636363636,5.514302227648952,1.562814763549376,1.6750224718693258,0.1123238836906605,30.0
14,-0.28730559800869465,0.16837115998440128,1.455160632999741,3.0,0.875,4.6695771027026165,1.7440532097689943,1.6975159185969326,0.004598222848681845,30.0
15,-0.297409998434175,0.18011085223092985,1.1790303745749224,4.0,0.7840909090909091,5.1611807805485475,1.628008615344018,1.6989700043360187,0.0,30.0
16,0.33571855144328505,0.0790069276478313,1.2926187409716572,2.0,0.9204545454545454,4.421993007884125,2.2062064340099927,1.6989700043360187,0.0,30.0
17,0.13336734159676852,0.11897200056141793,1.3992850802526096,0.0,0.8977272727272727,4.684137159428077,1.7532256584711676,1.6989700043360187,0.0,30.0
18,0.4688717091390004,0.01978075985937627,-0.6137858442403595,2.0,0.9772727272727273,5.745165852719143,0.21203998395561818,1.6989700043360187,0.0,30.0
19,0.27695936897201895,0.09116621164683233,1.72855980382647,2.0,0.9431818181818182,4.635864267264214,1.6235332911136904,1.6989700043360187,0.0,30.0
20,0.027433328287218138,0.2647682920343862,1.4611329985183459,0.0,0.6818181818181819,5.891682697336722,1.1668111587069012,1.6989700043360187,0.0,30.0
21,0.02605483505770627,0.2610287297828735,1.248257342838468,5.0,0.7272727272727273,5.544540437411421,1.2153545345928094,1.6989700043360187,0.0,30.0
22,0.6580430695557004,0.28263701850584566,1.0371010608252027,2.0,0.7840909090909091,4.987743105352244,1.7461466664366045,1.5890060762354765,0.3295297203567636,30.0
23,-0.42924405078081185,0.028410659284124118,1.602951729999093,3.0,0.9659090909090909,3.082809941092821,1.2186512300741745,1.6989700043360187,0.0,30.0
24,0.6183997463425535,0.040227755289067475,1.4193190087701013,1.0,0.9545454545454546,5.098311659997515,1.5034441227495945,1.6548210122162614,0.07646829745437746,30.0
25,0.06663093479773471,0.053644661307700785,1.7250321100061137,6.0,0.9318181818181819,4.2493318517736345,1.5971040597223298,1.578889020420401,0.2685092428403802,30.0
26,0.686803310525308,0.32582666474041494,1.5928952617842416,5.0,0.625,5.15495890725964,1.7464818035270968,1.6239667898757517,0.309136875099213,30.0
27,-0.0979111920720946,0.11968451904357157,1.475274243682704,4.0,0.8636363636363636,4.769560015806627,1.639502330561279,1.6989700043360187,0.0,30.0
28,0.10418909571774501,0.055907985019789955,1.7713109905351805,0.0,0.9886363636363636,3.656822249619039,0.0,1.6989700043360187,0.0,30.0
29,0.41252685825947893,0.28758350891359924,1.7162587162582623,2.0,0.7272727272727273,5.672433736563952,1.3796164099768047,1.6512515746905727,0.19432007220165975,30.0
30,0.6694150331771588,0.3179901425285428,1.1691037897465921,7.0,0.625,5.085224002715661,1.5620002335666103,1.6559778551100315,0.1488633484334237,30.0
31,-0.21956500766153403,0.042088502905355006,1.6149232473201356,2.0,0.9545454545454546,6.290426307750871,1.130779101186498,1.6989700043360187,0.0,30.0
32,0.8540088405555671,0.294640529481491,1.0548898307193704,5.0,0.6136363636363636,5.272008543678969,1.6858493561151031,1.6181090191969434,0.25446343133757515,30.0
33,-0.44345499194372223,0.11108836943007885,1.8447681919165029,5.0,0.8522727272727273,4.8290465739183555,1.882177183035287,1.6989700043360187,0.0,30.0
34,0.8990161725197721,0.2845454558607895,0.5257583491854867,0.0,0.6704545454545454,5.796251829518119,1.0600011046978723,1.6558244844167584,0.14370154219261913,30.0
35,0.5722051259723476,0.18404591668107487,1.7222366867541645,7.0,0.8522727272727273,5.0863114934303315,1.2219319796047377,1.6829840807117038,0.05537686384645802,30.0
36,0.23222400414733177,0.17553778627595767,1.8719809960587845,5.0,0.8522727272727273,5.164092729394839,1.7918092093133462,1.6723164699876598,0.06820007288267697,30.0
37,0.6256487685412879,0.1284967453007057,1.7777739869341735,5.0,0.8636363636363636,5.209301917420236,1.9220318456070422,1.6989700043360187,0.0,30.0
38,0.7931120776299166,0.19547479684370186,1.2554682489955369,3.0,0.6818181818181819,5.396247621357974,1.6539108124503734,1.6288639756300936,0.21785201245496172,30.0
39,0.9951131681475788,0.09600158221341057,1.6250568607216722,6.0,0.8522727272727273,4.960997566231853,1.7673877226831574,1.5485946717833157,0.4180677394266087,30.0
40,0.8000266274506715,0.2962156755305603,1.9142524072047806,2.0,0.7272727272727273,4.86643668020832,1.8525659135803612,1.6736750617747547,0.12131028291569534,30.0
41,1.0670156737787637,0.43226867690987225,1.2899180923833007,1.0,0.6136363636363636,5.432684655083217,1.6340126572963791,1.6989700043360187,0.0,30.0
42,1.1916970016236965,0.4352314803974196,1.8291048359675468,1.0,0.5,5.378873339143309,1.3635618923312933,1.6880108582688131,0.06459116288967465,30.0
43,1.1068690750306351,0.12547963751748184,1.98058405706993,2.0,0.8181818181818181,5.2684023011522445,1.7402743978997048,1.5022303617900254,0.4843284608894679,30.0
44,1.1777797174962736,0.07247431443189553,1.8910809678439333,7.0,0.8863636363636364,4.671914797922679,1.548175534993073,1.681113046513648,0.038407134409157585,30.0
45,1.083539607780288,0.4002214693731722,1.7682270035174399,6.0,0.5454545454545454,5.338921483328916,1.4750512278959798,1.6901945332406776,0.05480279942540989,30.0
46,1.3188538935797054,0.20035817599646996,1.5737757853351277,4.0,0.8522727272727273,4.479898297344868,1.9588064975052446,1.6898365140532694,0.03163933844031688,30.0
47,1.1663247722282377,0.005201951814652547,2.0003350906359763,6.0,0.9886363636363636,5.100197991909632,0.0,0.7837352100424839,0.0,30.0
48,0.8887299148942686,0.513454091029776,2.0728483057813882,4.0,0.3977272727272727,5.147960145470939,1.478865546437537,1.6821672754537569,0.08506968437375458,30.0
49,1.2141009115987667,0.11208357966130729,2.0573750795836587,4.0,0.8295454545454546,5.4336703169838305,1.524786953755835,1.6208121897314836,0.1978146769226935,30.0
50,1.3843918412923477,0.4089307931745501,1.3515214950143684,2.0,0.5454545454545454,5.217989290884704,1.5799845050243706,1.6029120297117678,0.2952931763961679,30.0
51,1.2275565796098025,0.10994426934909192,1.860437341160425,10.0,0.8977272727272727,4.6843405930947135,1.8211359714919855,1.5027284683595594,0.37037231480103416,30.0
52,1.4121031233435333,0.26228555725747565,1.6741735592863631,4.0,0.6590909090909092,5.749160912709289,1.2081911244322263,1.5778187565559023,0.4424555750771697,30.0
53,1.5423263446215971,0.294529273908577,2.2022707807950725,7.0,0.6363636363636364,4.83675076563507,1.4755436681275718,1.6028154679676727,0.3767762491643143,30.0
54,0.9902765852583794,0.3066268450552351,1.044514316430074,1.0,0.6818181818181819,5.204329198941872,1.5464179714304538,1.672878614892337,0.09857230840309152,30.0
55,1.270097475834192,0.3622395186447108,2.253151027361951,11.0,0.5795454545454546,5.339463828530805,1.5035446135104202,1.683767474783569,0.06384848599099843,30.0
56,1.3699454825540993,0.32588724191814195,0.6029664867719611,6.0,0.5909090909090908,5.035962600876639,1.7209576265979039,1.5684099797797204,0.397509508740634,30.0
57,1.668362092599355,0.4999042077839263,1.25997951990009,2.0,0.48863636363636365,5.08259785981403,1.3789837431604794,1.6199095476520002,0.36632842339031946,30.0
58,1.719926182005399,0.10968192082852042,2.4187946501989397,10.0,0.8181818181818181,5.33564413661319,1.6804909470972629,1.416496414779124,0.7607849480947162,30.0
59,-0.05530166396044832,0.3029612382154288,2.4072581817546297,1.0,0.6590909090909092,5.5985128202424015,1.6539792738793484,1.6826438141987867,0.08791922456160813,30.0
60,1.529313064739701,0.22873282166289016,1.5345064114646056,10.0,0.75,5.60744183232432,1.4695287630547393,1.6325855175123096,0.3042119358404447,30.0
61,1.7820462459634316,0.5374475460245287,2.1662702607512814,12.0,0.38636363636363635,5.495237790691982,1.262741574052729,1.6115333206943436,0.3480490473354501,30.0
62,1.8525821995887704,0.022139920848911015,2.523896390928744,3.0,0.9318181818181819,3.80417060297038,1.8937659983948711,0.05903104650521166,0.8219369654300144,30.0
63,1.6877134727538883,0.5881250459731122,1.3886146584576669,10.0,0.43181818181818177,5.218948544496085,1.5003201716796237,1.5491180690686641,0.4250697249299982,30.0
64,1.6058751179109079,0.46849953935907745,2.3774840550941554,9.0,0.46590909090909094,5.387421178914644,1.3460477291125919,1.4529392442091358,0.5891023012796354,30.0
65,1.1471147923229656,0.45487911887789956,2.3954649152033594,11.0,0.5227272727272727,5.226502469652757,1.7270254179330504,1.6420529390722105,0.1924892850808379,30.0
66,0.9502238019183066,0.015445741613821201,2.323008168558816,12.0,0.9318181818181819,6.134128144433151,0.6280536242277234,0.9108471395331602,0.8351830422824985,30.0
67,1.5918770699763833,0.4022814693984171,2.6582343795772694,1.0,0.6363636363636364,5.606892075023461,1.4644890141552938,1.6653699196529341,0.11337374139758659,30.0
68,0.372947183441641,0.5874815513972873,1.9856365559683729,9.0,0.43181818181818177,4.945015432650668,1.7405297632064618,1.669098726988918,0.11592945858341656,30.0
69,2.0372432549062074,0.7169319804530746,2.575264020633603,11.0,0.18181818181818177,5.316193249848354,1.6321099606483724,1.511328888362965,0.5150009457499205,30.0
70,1.747885059173292,0.16557879276875273,2.10953910029497,9.0,0.7045454545454546,5.503863145442162,1.7552447562784728,1.3561848819001352,0.6798489571205953,30.0
71,1.9172547179881503,0.6227710774147371,1.9634227303029008,10.0,0.20454545454545459,5.108891019652252,1.6996566695559043,1.586403919007526,0.4577129333368278,30.0
72,1.2306020962749444,0.43937910481735964,2.443499580149224,9.0,0.5113636363636364,5.3581113388163,1.585110904313327,1.6044503776080192,0.321043030425903,30.0
73,2.125761474830361,0.4135860789328751,2.9657141470540944,11.0,0.38636363636363635,5.218112392092327,1.6902187923583871,1.4336399204311532,0.6548816254274419,30.0
74,2.2115407897317656,0.041811542003256076,2.798541377091969,4.0,0.8295454545454546,4.957667168436002,1.5403585066183874,-0.26374081667402954,0.8616763816572414,30.0
75,2.25422031533047,0.5666618589275476,2.414663947476052,5.0,0.3977272727272727,5.270125783848072,1.597844574422196,1.5129925397600346,0.6290118290208301,30.0
76,2.20659166878907,0.48319223906256364,2.961264308396149,11.0,0.38636363636363635,5.27336424955558,1.469738517658032,1.3731900029785251,0.8063484583675468,30.0
77,1.747570893967329,0.2122066824784817,2.5175443418529797,8.0,0.7159090909090908,5.715992299820465,1.820299983256311,1.4850224295099934,0.542101961448711,30.0
78,2.350993487119705,0.1472961243185084,2.579639676243156,16.0,0.7045454545454546,5.150277714356552,1.7024380139316224,0.250947446488311,1.220053605075185,30.0
79,1.602243132495133,0.5537356235228779,2.9009251699061713,3.0,0.3522727272727273,5.1550620161427085,1.5478924809714538,1.6079207333868941,0.325743978546114,30.0
80,1.9990975650209373,0.2568590234895012,2.7963110666873727,7.0,0.7159090909090908,5.396939832553326,1.4337408353724692,1.1770994232728933,0.8615412403815365,30.0
81,1.1179378860994342,0.44093702549515357,3.0934314068429525,6.0,0.46590909090909094,5.1333803127839595,1.4469262814237032,1.6318558643519783,0.2548181712630484,30.0
82,2.4809185560158165,0.20001328602526566,2.9445196867783663,2.0,0.6477272727272727,5.44283208219652,1.4422296710038127,0.6808341805586202,1.165314600766745,30.0
83,2.342261576988862,0.07260101996678808,2.344398361892765,2.0,0.8636363636363636,4.941744207903418,1.807103568234209,0.2882774664320487,1.0804581550935184,30.0
84,2.004352539055372,0.42894809937082384,3.4001019472168315,5.0,0.625,5.887879528461225,0.9559810013571679,1.5929326740762786,0.3663255666114628,30.0
85,2.5612094400265986,0.2142195867060598,3.2175551920708467,12.0,0.6477272727272727,5.472444496826855,1.6643368203109348,0.8509427818955141,1.1069228649122114,30.0
86,-1.3466927042244552,0.25419958824649413,3.401212079614815,13.0,0.7613636363636364,4.712053354206177,1.4521592696231356,1.6989700043360187,0.0,30.0
87,1.7963380222869192,0.7698967028730874,3.490773633902515,10.0,0.19318181818181823,5.718118903431157,1.478658758715099,1.60073383203523,0.3021384948392313,30.0
88,2.2645699396827292,0.560026341793405,2.0661897378425684,3.0,0.26136363636363635,5.184351039415282,1.5827971676751815,1.5368390014844933,0.5191817364756003,30.0
89,2.4303902324913285,0.5889451409663891,3.420877611602632,8.0,0.11363636363636365,5.394682981242379,1.6086773474141285,1.4622935744440853,0.7156754385133864,30.0
90,2.6768840434874206,0.708470265127834,3.527527266211709,10.0,0.1477272727272727,5.411235204571334,1.553839557989719,1.4530316592491996,0.6580220428348078,30.0
91,1.7233761870167714,0.09793863635842248,3.4389512401942466,18.0,0.9090909090909091,4.959575558618471,0.9454910233006525,0.8732456852937488,0.840546091474159,30.0
92,2.7439810537881777,0.12565551658514934,3.310447151196249,9.0,0.5795454545454546,5.14337142115447,2.0538149202938873,0.2961699633596171,1.3829242971491618,30.0
93,1.8247302053659842,0.35871036664418754,2.844816551559486,11.0,0.4772727272727273,5.160608047099598,1.7108548124071465,1.595613984378895,0.4409469987876629,30.0
94,2.500881274816925,0.8445897830143122,2.9170872377159127,1.0,0.06818181818181823,5.417967829515331,1.496084253732319,1.6213925130292948,0.34778593209033837,30.0
95,2.6345722200488386,0.4101197089391535,3.6942232062185365,0.0,0.4772727272727273,5.67016361126881,1.233991513597331,1.3485644508212593,0.8316898950027523,30.0
96,2.768419310399911,0.5403108542969945,3.5512356940626555,3.0,0.26136363636363635,5.125185605779431,1.6418262156463002,1.4380424327186137,0.6902289730225042,30.0
97,2.7512668505094386,0.5615646723593287,2.843831774229549,5.0,0.28409090909090906,4.997808499583293,1.6630456955583908,1.25758950818718,0.9228530824353514,30.0
98,2.761149026775872,0.5910186724284491,3.785918600745896,5.0,0.15909090909090906,5.463886380303707,1.4592063084963207,1.3351270233713344,0.8585752277773219,30.0
99,2.965740723332153,0.4846171692255509,3.8620292262292044,9.0,0.2727272727272727,5.079481328096767,1.575499590949918,0.9108965638664381,1.2011262037784523,30.0
